{
<<<<<<< HEAD
    "progress": 0.2460000000000002
=======
    "progress": 0.17700000000000013
>>>>>>> 738a9fbc72526ee024885985e7525ff05f62900b
}